album,zanr
8,Art Rock
8,Blues Rock
8,Folk Rock
8,Hard Rock
8,Pop Rock
8,Psychedelic Rock
8,Rock
11,Acid Rock
11,Blues Rock
11,Hard Rock
11,Psychedelic Rock
12,Pop Rock
12,Progressive Pop
12,Psychedelic Pop
15,Art Pop
15,Art Rock
15,Baroque Pop
15,Pop Rock
15,Psychedelic Pop
15,Psychedelic Rock
15,Sunshine Pop
16,Art Rock
16,Baroque Pop
16,Pop Rock
16,Psychedelic Pop
16,Psychedelic Rock
16,Sunshine Pop
19,Alternative Rock
19,Jangle Pop
19,Post-Punk
26,Acoustic Rock
26,Alternative Rock
26,Jangle Pop
26,Pop Rock
42,Blues Rock
42,Hard Rock
43,Blues Rock
43,Folk Rock
43,Hard Rock
44,Alternative Rock
44,Britpop
45,Alternative Rock
45,Art Rock
45,Space Rock Revival
46,Ambient
46,Art Rock
46,Electronic
46,Electronic
46,Experimental Rock
46,IDM
50,Contemporary Folk
50,Folk Rock
50,Singer/Songwriter
51,Blues Rock
51,Contemporary Folk
51,Folk Rock
51,Singer/Songwriter
52,Chamber Folk
52,Contemporary Folk
52,Folk Baroque
52,Singer/Songwriter
63,Baroque Pop
63,Progressive Pop
63,Psychedelic Pop
63,Sunshine Pop
67,Chamber Folk
67,Chamber Pop
67,Indie Pop
67,Twee Pop
83,Art Rock
83,Gothic Rock
83,Post-Punk
83,Punk Blues
84,Art Rock
84,Dark Cabaret
84,Piano Rock
84,Singer/Songwriter
87,Alternative Rock
87,Gothic Rock
87,Post-Punk
87,Punk Blues
89,Baroque Pop
89,Chamber Folk
89,Contemporary Folk
89,Jazz Pop
89,Singer/Songwriter
90,Contemporary Folk
90,Folk Baroque
90,Singer/Songwriter
93,Contemporary Folk
93,Electric Blues
93,Folk Rock
93,Singer/Songwriter
94,Blues Rock
94,Folk Rock
94,Singer/Songwriter
113,Blues Rock
113,Contemporary Folk
113,Piano Rock
113,Singer/Songwriter
126,Alternative Rock
126,Grunge
126,Punk Rock
128,Alternative Rock
128,Grunge
128,Noise Rock
128,Post-Hardcore
132,Indie Rock
132,Lo-Fi / Slacker Rock
132,Noise Rock
133,Indie Rock
133,Lo-Fi / Slacker Rock
133,Noise Pop
134,Alternative Rock
134,Grunge
134,Hard Rock
143,Art Rock
143,Britpop
143,Glam Rock
145,Blues Rock
145,Country Rock
145,Hard Rock
145,Rhythm &amp; Blues
149,Contemporary Folk
149,Folk Pop
149,Folk Rock
149,Singer/Songwriter
157,Art Pop
157,Exotica
157,Indietronica
157,Krautrock
157,Lounge
157,Neo-Psychedelia
157,Space Age Pop
160,Alternative Rock
160,Dream Pop
160,Grunge
160,Shoegaze
161,Alternative Metal
161,Alternative Rock
161,Art Rock
161,Dream Pop
161,Grunge
161,Hard Rock
163,Indie Pop
163,Jangle Pop
163,Post-Punk
164,Indie Pop
164,Jangle Pop
164,Post-Punk
173,Art Rock
173,Experimental Rock
173,Garage Rock
173,Noise Rock
173,Proto-Punk
173,Psychedelic Rock
174,Experimental Rock
174,Garage Rock
174,Noise Rock
174,Proto-Punk
174,Psychedelic Rock
174,Spoken Word
175,Art Rock
175,Folk Pop
175,Folk Rock
175,Pop Rock
179,Alternative Rock
179,Pop Punk
179,Power Pop
180,Alternative Rock
180,Emo
180,Noise Pop
180,Power Pop
185,Art Rock
185,Hard Rock
186,Hard Rock
186,Progressive Rock
186,Rock Opera
186,Symphonic Rock
189,Chamber Pop
189,Neo-Psychedelia
189,Pop Rock
189,Psychedelic Pop
189,Sunshine Pop
201,Alt-Country
201,Chamber Pop
201,Indie Folk
201,Indie Pop
201,Synthpop
201,Twee Pop
205,Folk Rock
205,Pop Rock
205,Psychedelic Pop
206,Pop Rock
206,Psychedelic Pop
206,Psychedelic Pop
206,Psychedelic Rock
217,Art Pop
217,Chamber Pop
217,Jazz Pop
217,Piano Rock
217,Singer/Songwriter
218,Americana
218,Country Rock
218,Folk Rock
218,Roots Rock
231,Experimental Rock
231,Funk Rock
231,Krautrock
231,Psychedelic Rock
236,New Wave
236,Punk Rock
236,Reggae
236,Rockabilly
236,Ska
258,Folk Rock
258,Merseybeat
258,Pop Rock
258,Psychedelic Pop
258,Psychedelic Rock
258,Rock &amp; Roll
269,Acoustic Rock
269,Singer/Songwriter
294,Beat Poetry
294,Blues Rock
294,Dark Cabaret
294,Experimental Rock
294,Singer/Songwriter
297,Beat Poetry
297,Blues
297,British Brass Band
297,Dark Cabaret
297,Experimental Rock
297,Jazz
297,New Orleans Brass Band
297,Singer/Songwriter
298,Americana
298,Blues
298,Blues Rock
298,Experimental Rock
298,Gothic Country
298,Post-Industrial
298,Singer/Songwriter
300,Dream Pop
300,Indie Pop
300,Indie Rock
300,Noise Pop
300,Shoegaze
304,Acoustic Rock
304,Alternative Rock
304,Folk Rock
304,Grunge
314,Baggy / Madchester
314,Jangle Pop
314,Neo-Psychedelia
320,Coldwave
320,Gothic Rock
320,Post-Punk
324,Dream Pop
324,Gothic Rock
324,Post-Punk
355,Dream Pop
355,Noise Pop
355,Shoegaze
356,Blue-Eyed Soul
356,Celtic Folk Music
356,Chamber Folk
356,Chamber Jazz
356,Singer/Songwriter
357,Blue-Eyed Soul
357,Folk Rock
357,Jazz Pop
357,Rhythm &amp; Blues
357,Singer/Songwriter
361,Baroque Pop
361,Contemporary Folk
361,Folk Pop
361,Singer/Songwriter
372,Punk Rock
442,Emo
442,Post-Hardcore
502,Country Rock
502,Folk Rock
502,Roots Rock
506,Blues
506,Blues Rock
506,Country
506,Country Rock
506,Folk Rock
506,Roots Rock
515,East Coast Hip Hop
515,Experimental Hip Hop
515,Mid-School Hip Hop
515,Plunderphonics
544,Gothic Rock
544,Post-Punk
545,Coldwave
545,Gothic Rock
545,Post-Punk
578,New Wave
578,Pop Rock
578,Power Pop
602,Darkwave
602,Synthpop
622,Art Pop
622,Art Rock
622,Baroque Pop
622,Glam Rock
622,Piano Rock
622,Pop Rock
622,Singer/Songwriter
623,Art Rock
623,Glam Rock
623,Pop Rock
623,Rock Opera
624,Art Rock
624,Glam Rock
624,Hard Rock
624,Piano Rock
628,Art Rock
628,Blue-Eyed Soul
628,Funk Rock
629,Ambient
629,Art Pop
629,Art Rock
629,Electronic
630,Ambient
630,Art Pop
630,Art Rock
630,Electronic
630,Krautrock
641,Art Pop
641,Chamber Pop
641,Neo-Psychedelia
641,Progressive Pop
641,Psychedelic Pop
644,Conscious Hip Hop
644,Dirty South
644,Experimental Hip Hop
644,Funk
644,Pop Rap
644,Southern Hip Hop
704,Art Rock
704,Experimental Rock
704,Glam Rock
704,Glam Rock
705,Art Pop
705,Art Rock
705,Experimental Rock
705,Glam Rock
706,Ambient
706,Art Pop
706,Art Rock
706,Electronic
709,Ambient
709,Art Pop
709,Art Rock
709,Electronic
709,New Wave
731,Alternative Rock
731,Art Rock
731,Blues
731,Singer/Songwriter
756,Avant-Garde Jazz
756,Hard Bop
756,Post-Bop
757,Hard Bop
757,Post-Bop
757,Third Stream
774,Hard Bop
774,Post-Bop
780,Hard Bop
808,Pop Punk
808,Punk Rock
810,Punk Rock
822,Deep Soul
822,Rhythm &amp; Blues
822,Southern Soul
839,Avant-Prog
839,Canterbury Scene
839,Experimental Rock
839,Jazz Fusion
839,Jazz-Rock
844,Garage Rock
844,Proto-Punk
844,Psychedelic Rock
845,Free Jazz
845,Garage Rock
845,Hard Rock
845,Noise Rock
845,Proto-Punk
846,Garage Rock
846,Hard Rock
846,Proto-Punk
880,Alternative Dance
880,Art Pop
880,Electronic
880,Tribal House
880,Trip Hop
882,Art Pop
882,Chamber Pop
882,Electronic
882,IDM
882,Trip Hop
902,Acoustic Rock
902,Alternative Rock
902,Singer/Songwriter
919,Alternative Rock
919,Indie Rock
919,Lo-Fi / Slacker Rock
919,Lo-Fi / Slacker Rock
919,Noise Pop
919,Noise Rock
919,Post-Hardcore
933,Alternative Metal
933,Funk Metal
933,Political Hip Hop
933,Rap Metal
969,Art Rock
969,Rock Opera
969,Symphonic Rock
974,Art Rock
974,Progressive Rock
974,Psychedelic Rock
975,Folk Rock
975,Progressive Rock
975,Psychedelic Rock
975,Space Rock
976,Art Rock
976,Progressive Rock
976,Psychedelic Rock
976,Space Rock
978,Art Rock
978,Progressive Rock
978,Psychedelic Rock
992,Blues Rock
992,Country Rock
992,Rock
992,Roots Rock
992,Roots Rock
993,Blues Rock
993,Country Rock
993,Rock &amp; Roll
995,Blues Rock
995,Country Rock
995,Rock
995,Rock &amp; Roll
996,Blues Rock
996,Country Rock
996,Rhythm &amp; Blues
996,Rock
996,Roots Rock
1030,Experimental Rock
1030,Psychedelic Pop
1030,Psychedelic Rock
1030,Space Rock
1034,Art Punk
1034,Funk Rock
1034,New Wave
1034,Post-Punk
1035,Funk Rock
1035,New Wave
1035,Post-Punk
1036,Afrobeat
1036,Dance-Punk
1036,Experimental Rock
1036,Funk
1036,New Wave
1036,Post-Punk
1037,Art Rock
1037,Dance-Punk
1037,Funk
1037,New Wave
1037,Synth Funk
1037,Synth Funk
1038,Art Punk
1038,Art Rock
1038,Funk
1038,New Wave
1038,Post-Punk
1045,Alternative Metal
1045,Grunge
1045,Heavy Metal
1049,Acoustic Rock
1049,Alternative Rock
1049,Grunge
1088,Alternative Rock
1088,Indie Rock
1088,Noise Rock
1088,Post-Hardcore
1089,Alternative Rock
1089,Indie Rock
1089,Noise Pop
1089,Surf Rock
1093,Alternative Rock
1093,Hardcore Punk
1093,Noise Rock
1093,Post-Hardcore
1110,Art Punk
1110,Funk Rock
1110,Post-Hardcore
1110,Post-Hardcore
1110,Post-Punk
1115,Experimental Rock
1115,No Wave
1115,Noise Rock
1115,Post-Punk
1116,Alternative Rock
1116,Experimental Rock
1116,Noise Rock
1116,Post-Punk
1117,Alternative Rock
1117,Experimental Rock
1117,Noise Rock
1117,Post-Punk
1167,Art Punk
1167,Art Rock
1167,Post-Punk
1175,Dream Pop
1175,Ethereal Wave
1179,Dream Pop
1179,Ethereal Wave
1179,Shoegaze
1189,Acid Rock
1189,Blues Rock
1189,Psychedelic Rock
1190,Acid Rock
1190,Blues Rock
1190,Psychedelic Pop
1190,Psychedelic Rock
1195,Acid Rock
1195,Blues Rock
1195,Psychedelic Rock
1245,British Brass Band
1245,Indie Folk
1245,Indie Rock
1245,Lo-Fi / Slacker Rock
1245,Psychedelic Folk
1245,Singer/Songwriter
1277,Baroque Pop
1277,Psychedelic Folk
1277,Psychedelic Pop
1277,Psychedelic Rock
1285,Art Pop
1285,Blues Rock
1285,Folk Pop
1285,Indie Pop
1285,Pop Rock
1285,Progressive Pop
1285,Psychedelic Pop
1310,Contemporary Folk
1310,Indie Folk
1310,Singer/Songwriter
1311,Indie Folk
1311,Indie Pop
1311,Lo-Fi / Slacker Rock
1311,Singer/Songwriter
1312,Chamber Pop
1312,Indie Folk
1312,Indie Pop
1312,Singer/Songwriter
1430,Art Punk
1430,Post-Punk
1430,Punk Rock
1431,Art Punk
1431,Post-Punk
1432,Art Punk
1432,Experimental Rock
1432,Post-Punk
1473,Art Rock
1473,Folk Pop
1473,Pop Rock
1473,Progressive Pop
1593,Thrash Metal
1705,Art Pop
1705,Art Rock
1705,Electronic
1705,Experimental Rock
1705,Jazz-Rock
1711,Art Rock
1711,Electro-Industrial
1711,Industrial Metal
1711,Industrial Rock
1712,Alternative Rock
1712,Ambient
1712,Art Rock
1712,Industrial Metal
1712,Industrial Rock
1716,Art Rock
1716,Dream Pop
1716,Neo-Psychedelia
1716,Noise Pop
1716,Space Rock
1716,Space Rock Revival
1716,Symphonic Rock
1730,Art Rock
1730,Funk Rock
1730,Jazz-Rock
1730,Pop Rock
1730,Yacht Rock
1731,Funk Rock
1731,Jazz Pop
1731,Jazz-Rock
1731,Pop Rock
1731,Soft Rock
1731,Yacht Rock
1740,Deep Funk
1740,Funk
1740,Psychedelic Soul
1740,Psychedelic Soul
1740,Soul
1744,Art Rock
1744,Glam Rock
1744,Pop Rock
1795,Country
1795,Outlaw Country
1795,Rockabilly
1795,Traditional Country
1904,Alternative Metal
1904,Progressive Metal
1904,Progressive Rock
1905,Alternative Metal
1905,Post-Metal
1905,Progressive Metal
1905,Progressive Metal
1946,Alternative Metal
1946,Nu Metal
1946,Post-Hardcore
1946,Post-Metal
1946,Shoegaze
1990,Contemporary R&amp;B
1990,Dance-Pop
1990,Dance-Pop
1990,Disco
1990,Funk
1990,Pop
1990,Pop Soul
1990,Synth Funk
2009,Alternative Metal
2009,Avant-Garde Metal
2009,Nu Metal
2027,Blues Rock
2027,Hard Rock
2028,Blues Rock
2028,Folk Rock
2028,Hard Rock
2029,Blues Rock
2029,Folk Rock
2029,Hard Rock
2029,Progressive Rock
2030,Blues Rock
2030,Folk Rock
2030,Hard Rock
2082,Garage Rock
2082,Indie Pop
2082,Lo-Fi / Slacker Rock
2082,Power Pop
2082,Psychedelic Pop
2086,Heavy Metal
2086,NWOBHM
2088,Heavy Metal
2088,NWOBHM
2089,Heavy Metal
2089,Progressive Metal
2090,Heavy Metal
2090,Progressive Metal
2091,Heavy Metal
2091,Progressive Metal
2115,Ambient
2115,Dream Pop
2115,Post-Rock
2127,Post-Hardcore
2132,Art Rock
2132,Indie Rock
2132,Post-Hardcore
2135,Cool Jazz
2157,Blues Rock
2157,Hard Rock
2157,Heavy Metal
2157,Traditional Doom Metal
2161,Acid Rock
2161,Blues Rock
2161,Hard Rock
2161,Psychedelic Rock
2264,Folk Rock
2264,Folk Rock
2264,Jam Band
2264,Pop Rock
2264,Psychedelic Pop
2264,Singer/Songwriter
2276,Blues Rock
2276,Hard Rock
2276,Heavy Metal
2276,Traditional Doom Metal
2277,Doom Metal
2277,Heavy Metal
2277,Traditional Doom Metal
2281,Hard Rock
2281,Heavy Metal
2286,Hard Rock
2286,Heavy Metal
2286,Progressive Rock
2287,Blues Rock
2287,Hard Rock
2287,Heavy Metal
2309,Chipmunk Soul
2309,East Coast Hip Hop
2309,Hardcore Hip Hop
2309,Pop Rap
2320,Country Pop
2320,Folk Pop
2320,Pop Rock
2320,Soft Rock
2325,Acid Rock
2325,Blues Rock
2325,Hard Rock
2325,Psychedelic Rock
2328,Art Rock
2328,Free Improvisation
2328,Jazz-Rock
2328,Progressive Rock
2328,Psychedelic Rock
2328,Symphonic Prog
2337,Country Rock
2337,Folk Rock
2337,Hard Rock
2337,Singer/Songwriter
2338,Country Rock
2338,Folk Rock
2338,Singer/Songwriter
2339,Country Rock
2339,Folk Rock
2339,Singer/Songwriter
2345,Alternative Metal
2345,Alternative Rock
2345,Grunge
2345,Hard Rock
2345,Stoner Rock
2357,Blues
2357,Blues Rock
2357,Electric Blues
2357,Psychedelic Rock
2385,Acoustic Rock
2385,Pop Rock
2385,Singer/Songwriter
2402,Blues Rock
2402,Country Rock
2402,Folk Rock
2402,Singer/Songwriter
2403,Blues Rock
2403,Country Rock
2403,Folk Rock
2403,Singer/Songwriter
2404,Country Rock
2404,Folk Rock
2404,Hard Rock
2404,Singer/Songwriter
2406,Acoustic Rock
2406,Country Rock
2406,Folk Rock
2406,Hard Rock
2406,Singer/Songwriter
2426,Blues Rock
2426,Folk Rock
2426,Hard Rock
2436,Garage Rock Revival
2436,Indie Rock
2436,Post-Punk Revival
2438,Ambient Pop
2438,Art Pop
2438,Electronic
2438,Glitch Pop
2438,Microsound
2542,Dub
2542,Post-Industrial
2542,Trip Hop
2564,Blues Rock
2564,Jam Band
2564,Southern Rock
2571,Cool Jazz
2571,Modal Jazz
2574,Alternative Rock
2574,Jangle Pop
2574,Power Pop
2574,Punk Rock
2576,Anarcho-Punk
2576,Hardcore Punk
2576,Punk Rock
2576,Surf Punk
2584,Dance-Pop
2584,Film Soundtrack
2584,Funk Rock
2584,Pop Rock
2584,Synth Funk
2590,Ambient
2590,Ambient Techno
2590,IDM
2591,Ambient
2591,Downtempo
2591,Downtempo
2591,IDM
2593,Blues Rock
2593,Contemporary Folk
2593,Folk Rock
2593,Singer/Songwriter
2602,Ambient
2602,Chamber Music
2602,Drone
2602,Field Recordings
2602,Post-Rock
2611,Dance
2611,Instrumental Hip Hop
2611,Nu-Disco
2611,Plunderphonics
2612,Experimental Hip Hop
2612,Instrumental Hip Hop
2612,Plunderphonics
2612,Trip Hop
2612,Turntablism
2614,Indie Rock
2614,Psychedelic Rock
2615,Indie Rock
2615,Midwest Emo
2615,Post-Rock
2632,Indie Rock
2632,Midwest Emo
2632,Post-Hardcore
2634,Art Rock
2634,Indie Rock
2634,Neo-Psychedelia
2642,Avant-Folk
2642,Indie Folk
2642,Lo-Fi / Slacker Rock
2642,Noise Rock
2642,Psychedelic Folk
2642,Singer/Songwriter
2660,Acid Jazz
2660,Dark Jazz
2660,Trip Hop
2661,Acid Jazz
2661,Dark Jazz
2661,Trip Hop
2661,Turntablism
2667,Boom Bap
2667,East Coast Hip Hop
2667,Jazz Rap
2671,Experimental Rock
2671,Math Rock
2671,Post-Hardcore
2671,Post-Rock
2671,Slowcore
2671,Spoken Word
2674,Art Punk
2674,Art Rock
2674,Garage Rock
2674,Piano Rock
2674,Poetry
2674,Proto-Punk
2674,Singer/Songwriter
2679,Art Rock
2679,Chamber Jazz
2679,Jazz-Rock
2679,Post-Rock
2689,Alt-Country
2689,Americana
2689,Art Rock
2689,Indie Rock
2700,Ambient Pop
2700,Dream Pop
2700,Indie Rock
2700,Slowcore
2711,Dream Pop
2711,Neo-Psychedelia
2711,Shoegaze
2711,Space Rock Revival
2771,Thrash Metal
2779,Experimental Rock
2779,Jazz-Rock
2779,Post-Rock
2833,Blues Rock
2833,Hard Rock
2833,Heavy Metal
2833,Progressive Rock
2863,Dance-Pop
2863,Electro-Disco
2863,French House
2863,Funky House
2863,Synth Funk
2959,Art Pop
2959,New Romantic
2959,Progressive Pop
2966,Contemporary R&amp;B
2966,Funk
2966,Hip Hop
2966,Neo-Soul
2966,Psychedelic Soul
2966,Smooth Soul
2980,Blues Rock
2980,Hard Rock
2980,Rock
3115,Lovers Rock
3115,Pop Reggae
3115,Roots Reggae
3118,Rocksteady
3118,Roots Reggae
3120,Chamber Folk
3120,Contemporary Folk
3120,Singer/Songwriter
3122,Chamber Folk
3122,Contemporary Folk
3122,Singer/Songwriter
3136,Art Pop
3136,Art Rock
3136,Baroque Pop
3136,Experimental Rock
3136,Gothic Rock
3136,Progressive Pop
3137,Art Pop
3137,Baroque Pop
3137,Progressive Pop
3137,Synthpop
3287,Contemporary Folk
3287,Singer/Songwriter
3389,Hard Rock
3389,Progressive Rock
3390,Hard Rock
3390,Progressive Rock
3391,Hard Rock
3391,Progressive Rock
3392,Hard Rock
3392,Progressive Rock
3429,Experimental Big Band
3429,Free Jazz
3429,Spiritual Jazz
3434,Hard Bop
3434,Modal Jazz
3434,Post-Bop
3556,Boom Bap
3556,Conscious Hip Hop
3556,Contemporary R&amp;B
3556,East Coast Hip Hop
3556,Neo-Soul
3560,Art Pop
3560,Contemporary R&amp;B
3560,Dance-Pop
3560,Neo-Soul
3560,New Jack Swing
3560,Trip Hop
3572,G-Funk
3572,Gangsta Rap
3572,West Coast Hip Hop
3577,Contemporary R&amp;B
3577,Contemporary R&amp;B
3577,Funk
3577,Funk Rock
3577,Pop Rock
3577,Soul
3577,Synth Funk
3581,Heartland Rock
3581,Piano Rock
3581,Singer/Songwriter
3583,Heartland Rock
3583,Piano Rock
3583,Singer/Songwriter
3612,Contemporary R&amp;B
3612,Dance-Pop
3612,Pop Rock
3612,Synth Funk
3675,Cinematic Classical
3675,Orchestral
3675,Sequencer &amp; Tracker
3675,Video Game Music
3770,Progressive Metal
3770,Thrash Metal
3781,Heavy Metal
3781,Thrash Metal
3783,Heavy Metal
3783,Technical Thrash Metal
3783,Thrash Metal
3799,Alternative Metal
3799,Alternative Rock
3799,Avant-Garde Metal
3799,Experimental Rock
3799,Funk Metal
3830,Death Metal
3830,Thrash Metal
3832,Death Metal
3832,Thrash Metal
3957,Country Rock
3957,Folk Rock
3957,Jam Band
3957,Jazz-Rock
3957,Psychedelic Rock
4000,Black Metal
4000,Death Metal
4012,Ambient
4012,Atmospheric Black Metal
4012,Dungeon Synth
4014,Ambient
4014,Ambient
4014,Atmospheric Black Metal
4014,Black Ambient
4014,Dungeon Synth
4052,Avant-Folk
4052,Freak Folk
4052,Progressive Folk
4052,Psychedelic Folk
4114,Black Metal
4114,Thrash Metal
4114,Viking Metal
4145,Heavy Metal
4145,NWOBHM
4193,Black Metal
4193,Symphonic Black Metal
4194,Symphonic Black Metal
4199,Death Metal
4201,Death Metal
4201,Progressive Metal
4201,Technical Death Metal
4202,Progressive Metal
4202,Technical Death Metal
4203,Progressive Metal
4203,Technical Death Metal
4204,Progressive Metal
4204,Technical Death Metal
4235,Berlin School
4235,Dark Ambient
4235,Dark Jazz
4235,Electronic
4235,Experimental
4235,Glitch
4235,Post-Industrial
4235,Spoken Word
4390,Jazz Fusion
4390,Jazz-Rock
4390,Progressive Rock
4418,Art Rock
4418,Avant-Garde Metal
4418,Baroque Pop
4418,Cocktail Nation
4418,Doo-Wop
4418,Easy Listening
4418,Exotica
4418,Experimental Rock
4418,Jazz-Rock
4418,Pop Rock
4418,Surf Rock
4418,Vocal Surf
4501,Heavy Metal
4501,Thrash Metal
4588,Avant-Garde Jazz
4588,Jazz Fusion
4588,Jazz-Rock
4596,Hard Bop
4596,Modal Jazz
4596,Post-Bop
4597,Jazz Fusion
4597,Jazz-Funk
4599,Chicago Soul
4599,Film Soundtrack
4599,Funk
4599,Psychedelic Soul
4600,Chicago Soul
4600,Funk
4600,Psychedelic Soul
4621,Reggae
4621,Roots Reggae
4648,Baroque Pop
4648,Pop Rock
4648,Psychedelic Pop
4648,Sunshine Pop
4649,Baroque Pop
4649,Pop Rock
4649,Psychedelic Pop
4649,Rock Opera
4650,Baroque Pop
4650,Mod
4650,Music Hall
4650,Pop Rock
4650,Psychedelic Pop
4650,Sunshine Pop
4651,Art Rock
4651,Glam Rock
4651,Hard Rock
4651,Music Hall
4651,Progressive Rock
4659,Funk
4659,Pop Soul
4659,Soul
4660,Funk
4660,Pop Soul
4660,Smooth Soul
4660,Soul
4859,Deep Soul
4859,Rhythm &amp; Blues
4859,Southern Soul
4869,Blues Rock
4869,Electric Blues
4869,Experimental Rock
4869,Garage Rock
4869,Psychedelic Rock
4871,Folk Pop
4871,Jazz Pop
4871,Singer/Songwriter
4878,Blues Rock
4878,Jazz-Rock
4878,Latin Rock
4878,Psychedelic Rock
4906,Atmospheric Sludge Metal
4906,Doom Metal
4906,Sludge Metal
4907,Atmospheric Sludge Metal
4907,Doom Metal
4907,Post-Hardcore
4907,Post-Rock
5030,Ambient
5030,Film Score
5030,Jazz
5030,New Age
5030,Progressive Electronic
5030,Space Ambient
5037,Hard Rock
5037,Heavy Metal
5037,Progressive Rock
5053,Drill and Bass
5053,IDM
5115,Ambient
5115,Krautrock
5115,Psychedelic Rock
5159,Thrash Metal
5160,Thrash Metal
5166,Heavy Metal
5166,Speed Metal
5168,Art Rock
5168,Avant-Prog
5168,New Wave
5168,New Wave
5168,Progressive Rock
5169,Brutal Death Metal
5169,Technical Death Metal
5200,Ambient Pop
5200,Contemporary R&amp;B
5200,Downtempo
5200,Neo-Soul
5200,Smooth Jazz
5200,Smooth Soul
5200,Sophisti-Pop
5268,New Wave
5268,Progressive Pop
5268,Sophisti-Pop
5268,Synthpop
5313,Glam Rock
5340,Acid Rock
5340,Hard Rock
5340,Heavy Psych
5340,Poetry
5340,Psychedelic Rock
5340,Space Rock
5386,Art Rock
5386,Comedy Rock
5386,Experimental Rock
5386,Neo-Psychedelia
5386,Psychedelic Folk
5386,Psychedelic Pop
5386,Psychedelic Rock
5386,Sea Shanties
5445,Abstract Hip Hop
5445,Boom Bap
5445,Conscious Hip Hop
5445,East Coast Hip Hop
5445,Jazz Rap
5445,Political Hip Hop
5532,Baroque Music
5532,Cinematic Classical
5532,Electronic
5532,Medieval Classical Music
5532,Modern Classical
5532,New Age
5532,Progressive Rock
5532,Ragtime
5532,Sequencer &amp; Tracker
5532,Video Game Music
5543,Art Rock
5543,Glam Rock
5629,Canterbury Scene
5629,Progressive Rock
5629,Symphonic Prog
5634,Canterbury Scene
5634,Progressive Rock
5634,Symphonic Prog
5654,Blues Rock
5657,Blues Rock
5657,Electric Blues
5687,Ambient
5687,Ambient Techno
5687,Downtempo
5687,IDM
5687,Radio Broadcast Recordings
5719,Progressive Rock
5719,Symphonic Prog
5720,Progressive Rock
5720,Symphonic Prog
5721,Progressive Rock
5721,Symphonic Prog
5734,Funk
5734,Psychedelic Soul
5734,Smooth Soul
5734,Soul
5843,Folk Rock
5843,Hard Rock
5843,Progressive Rock
5845,Folk Rock
5845,Progressive Folk
5845,Progressive Rock
5853,Folk Rock
5853,Hard Rock
5853,Progressive Rock
5877,Progressive Rock
5877,Symphonic Prog
5892,Smooth Soul
5892,Soul
5894,Smooth Soul
5917,Progressive Rock
5917,Symphonic Prog
5917,Symphonic Prog
5919,Progressive Rock
5919,Symphonic Prog
5919,Symphonic Prog
5920,Art Rock
5920,Progressive Rock
5920,Rock Opera
5920,Symphonic Prog
5932,Art Pop
5932,Art Rock
5932,New Wave
5932,Post-Punk
5932,Progressive Pop
5942,Blue-Eyed Soul
5942,Folk Rock
5942,Rhythm &amp; Blues
5942,Rhythm &amp; Blues
5942,Singer/Songwriter
5946,Blues Rock
5946,Funk Rock
5946,Hard Rock
5946,Jam Band
5946,Psychedelic Rock
6116,Hard Bop
6130,Thrash Metal
6155,Anarcho-Punk
6155,Hardcore Punk
6156,Experimental
6156,Experimental Rock
6156,Krautrock
6156,Psychedelic Rock
6156,Sound Collage
6210,Drone
6210,Krautrock
6210,Psychedelic Rock
6216,Ambient
6216,Krautrock
6216,Proto-Punk
6295,Contemporary Folk
6295,Country Rock
6295,Folk Rock
6295,Progressive Country
6295,Singer/Songwriter
6296,Acoustic Blues
6296,Contemporary Folk
6296,Singer/Songwriter
6296,Talking Blues
6440,Hard Rock
6543,Art Rock
6543,Free Improvisation
6543,Hard Rock
6543,Jazz-Rock
6543,Progressive Rock
6544,Avant-Prog
6544,Experimental Rock
6544,Progressive Rock
6647,Modal Jazz
6647,Saeta
6647,Third Stream
6702,Americana
6702,Contemporary Folk
6702,Folk Rock
6702,Singer/Songwriter
7171,Folk Rock
7171,Jazz Fusion
7171,Jazz-Rock
7171,Singer/Songwriter
7171,Vocal Jazz
7176,Avant-Prog
7176,Blues Rock
7176,Experimental Rock
7176,Jazz-Rock
7176,Progressive Rock
7176,Satire
7180,Christian Rock
7180,Contemporary Folk
7180,Country Blues
7180,Country Rock
7180,Folk Rock
7180,Singer/Songwriter
7180,Talking Blues
7187,Alternative Rock
7187,Garage Rock
7187,Power Pop
7187,Punk Rock
7299,Conscious Hip Hop
7299,East Coast Hip Hop
7299,Experimental Hip Hop
7299,Hardcore Hip Hop
7299,Political Hip Hop
7299,Turntablism
7300,Conscious Hip Hop
7300,East Coast Hip Hop
7300,Experimental Hip Hop
7300,Hardcore Hip Hop
7300,Political Hip Hop
7380,Conscious Hip Hop
7380,Southern Hip Hop
7381,Conscious Hip Hop
7381,Experimental Hip Hop
7381,Funk
7381,Hardcore Hip Hop
7381,Neo-Soul
7381,Southern Hip Hop
7406,Boom Bap
7406,Conscious Hip Hop
7406,East Coast Hip Hop
7406,Jazz Rap
7466,Glam Rock
7466,Hard Rock
7466,Piano Rock
7466,Pop Rock
7466,Rock
7466,Rock &amp; Roll
7537,Power Metal
7584,Alt-Country
7584,Americana
7584,Blues Rock
7584,Country Blues
7584,Experimental Rock
7584,Singer/Songwriter
7660,Hard Rock
7660,Heavy Metal
7660,Traditional Doom Metal
7675,Death Metal
7675,Progressive Metal
7675,Progressive Rock
7701,Dream Pop
7701,Folk Rock
7701,Singer/Songwriter
7701,Slowcore
7702,Dream Pop
7702,Folk Rock
7702,Slowcore
7757,Blues Rock
7757,Country Rock
7757,Folk Rock
7757,Jam Band
7757,Jazz-Rock
7757,Psychedelic Rock
7764,Funk Rock
7764,Psychedelic Rock
7764,Psychedelic Soul
7793,Funk
7793,Psychedelic Rock
7793,Psychedelic Soul
7812,Death Metal
7812,Progressive Metal
7812,Progressive Rock
7819,Hard Rock
7819,Heavy Metal
7820,Heavy Metal
7833,Heavy Metal
7833,Power Metal
7833,Thrash Metal
7833,US Power Metal
7855,Film Score
7855,Mexican Music
7855,Spaghetti Western
7862,Cinematic Classical
7862,Film Score
7862,Neoclassical New Age
7862,Orchestral
7937,Chicago Soul
7937,Funk
7937,Psychedelic Soul
7975,Jazz-Rock
7975,Progressive Rock
7975,Symphonic Prog
7976,Avant-Prog
7976,Jazz-Rock
7976,Progressive Rock
7976,Symphonic Prog
7997,Country
7997,Country Gospel
7997,Outlaw Country
7997,Rockabilly
8078,Art Rock
8078,Industrial Rock
8078,Post-Punk
8150,Heavy Metal
8150,Progressive Metal
8150,US Power Metal
8154,Deep Soul
8154,Rhythm &amp; Blues
8154,Southern Soul
8166,Contemporary Folk
8166,Country Rock
8166,Folk Rock
8182,Dream Pop
8182,Neo-Psychedelia
8182,Noise Pop
8182,Space Rock
8182,Space Rock Revival
8182,Symphonic Rock
8236,Progressive Rock
8236,Symphonic Prog
8282,Deep Soul
8282,Rhythm &amp; Blues
8282,Soul Blues
8282,Southern Soul
8325,Blues Rock
8325,Country Rock
8325,Swamp Rock
8326,Blues Rock
8326,Country Rock
8326,Rock &amp; Roll
8326,Swamp Rock
8328,Blues Rock
8328,Country Rock
8328,Rock &amp; Roll
8328,Swamp Rock
8343,Americana
8343,Folk Rock
8343,Heartland Rock
8343,Rock &amp; Roll
8343,Singer/Songwriter
8344,Heartland Rock
8344,Rock &amp; Roll
8344,Singer/Songwriter
8429,Avant-Folk
8429,Chamber Folk
8429,Chamber Music
8429,Drone
8429,Neo-Medieval Folk
8482,Funk
8482,Neo-Soul
8482,Psychedelic Soul
8482,Soul Jazz
8514,Chamber Folk
8514,Chamber Jazz
8514,Contemporary Folk
8514,Psychedelic Folk
8514,Singer/Songwriter
8557,Art Pop
8557,Piano Rock
8557,Singer/Songwriter
8638,Acid Jazz
8638,Trip Hop
8679,Abstract Hip Hop
8679,Boom Bap
8679,Jazz Rap
8679,West Coast Hip Hop
8758,Bossa nova
8758,Cool Jazz
8758,Samba-canção
8758,Samba-jazz
8758,Samba-jazz
8797,Ambient
8797,Ambient Techno
8797,Dark Ambient
8797,Electronic
8800,Abstract Hip Hop
8800,Boom Bap
8800,Conscious Hip Hop
8800,East Coast Hip Hop
8800,Experimental Hip Hop
8800,Hardcore Hip Hop
8862,Boom Bap
8862,Conscious Hip Hop
8862,East Coast Hip Hop
8862,Jazz Rap
9049,Heavy Metal
9051,Art Rock
9051,Gothic Rock
9051,Post-Punk
9079,Boom Bap
9079,East Coast Hip Hop
9079,Gangsta Rap
9136,Deep Soul
9136,Funk
9136,Psychedelic Soul
9136,Smooth Soul
9136,Soul
9136,Spoken Word
9363,Baroque Pop
9363,Psychedelic Pop
9363,Sunshine Pop
9386,MPB
9386,Samba
9386,Singer/Songwriter
9553,Math Rock
9553,Midwest Emo
9553,Post-Rock
9655,Art Punk
9655,Dance-Punk
9655,Post-Punk
9676,Progressive Rock
9676,Symphonic Prog
9684,Boom Bap
9684,Conscious Hip Hop
9684,East Coast Hip Hop
9684,Jazz Rap
9684,Neo-Soul
9777,Art Rock
9777,Experimental Rock
9777,Gothic Rock
9777,Industrial
9777,Industrial Rock
9777,Neofolk
9777,Noise Rock
9777,Post-Punk
9858,Abstract Hip Hop
9858,Abstract Hip Hop
9858,Boom Bap
9858,Conscious Hip Hop
9858,Experimental Hip Hop
9858,Turntablism
9858,West Coast Hip Hop
9910,Indie Rock
9910,Math Rock
9910,Post-Hardcore
9910,Post-Punk
9958,Hard Rock
9958,Heavy Metal
9958,Speed Metal
9959,Hard Rock
9959,Heavy Metal
9959,Speed Metal
9976,Hard Rock
9976,Heavy Metal
9976,Rock &amp; Roll
9979,Heavy Metal
9979,NWOBHM
9980,Heavy Metal
9980,Progressive Metal
10027,Abstract Hip Hop
10027,Boom Bap
10027,East Coast Hip Hop
10027,Hardcore Hip Hop
10133,Art Rock
10133,Comedy Rock
10133,Experimental Rock
10133,Jazz-Rock
10133,Progressive Rock
10143,Art Rock
10143,Avant-Prog
10143,Canterbury Scene
10143,Jazz-Rock
10143,Singer/Songwriter
10283,Hard Rock
10283,Heavy Metal
10373,Baroque Music
10373,Horror Synth
10373,Neoclassical Darkwave
10373,Neoclassical Darkwave
10373,Sequencer &amp; Tracker
10373,Symphonic Metal
10373,Symphonic Rock
10373,Video Game Music
10376,Ambient
10376,Cinematic Classical
10376,Dark Ambient
10376,Fanfare
10376,Modern Classical
10376,New Age
10376,Sequencer &amp; Tracker
10376,Traditional Folk Music
10376,Video Game Music
10382,Celtic Folk Music
10382,Celtic New Age
10382,Cinematic Classical
10382,Sequencer &amp; Tracker
10382,Video Game Music
10388,Ambient
10388,Cinematic Classical
10388,Electronic
10388,Jazz Fusion
10388,Modern Classical
10388,New Age
10388,Orchestral
10388,Sequencer &amp; Tracker
10388,Video Game Music
10393,Avant-Garde Jazz
10393,Jazz Fusion
10393,Jazz-Funk
10393,Jazz-Rock
10394,Avant-Garde Jazz
10394,Jazz Fusion
10394,Modal Jazz
10400,Avant-Garde Jazz
10400,Jazz Fusion
10400,Jazz-Funk
10400,Raga Rock
10403,Avant-Garde Jazz
10403,Funk
10403,Jazz Fusion
10403,Jazz-Funk
10403,Jazz-Rock
10403,Psychedelic Rock
10405,Avant-Garde Jazz
10405,Experimental Rock
10405,Jazz Fusion
10405,Jazz-Funk
10405,Psychedelic Rock
10453,Dream Pop
10453,Gothic Rock
10453,Post-Punk
10494,Avant-Garde Jazz
10494,Hard Bop
10494,Modal Jazz
10494,Post-Bop
10523,Art Punk
10523,Art Rock
10523,Funk
10523,New Wave
10523,Post-Punk
10551,Avant-Garde Jazz
10551,Hard Bop
10551,Post-Bop
10701,Hard Bop
10701,Modal Jazz
10702,Modal Jazz
10702,Post-Bop
10702,Spiritual Jazz
10754,Minimalism
10754,Post-Minimalism
10874,Free Jazz
10874,Spiritual Jazz
10878,Ethereal Wave
10878,Gothic Rock
10878,Neofolk
10878,Post-Punk
11014,Boom Bap
11014,East Coast Hip Hop
11014,Hardcore Hip Hop
11082,Boom Bap
11082,Conscious Hip Hop
11082,East Coast Hip Hop
11082,Hardcore Hip Hop
11082,Jazz Rap
11130,Cool Jazz
11130,Hard Bop
11164,Abstract Hip Hop
11164,Boom Bap
11164,East Coast Hip Hop
11164,Gangsta Rap
11164,Hardcore Hip Hop
11215,Cool Jazz
11215,Modal Jazz
11217,Free Jazz
11218,Avant-Garde Jazz
11218,Free Jazz
11221,Avant-Garde Jazz
11221,Experimental Big Band
11221,Third Stream
11222,Cool Jazz
11222,Hard Bop
11222,Post-Bop
11341,Hard Rock
11341,Heavy Metal
11341,Progressive Rock
11342,Hard Rock
11342,Heavy Metal
11343,Blues Rock
11343,Hard Rock
11392,Modal Jazz
11392,Post-Bop
11618,Heavy Metal
11659,Big Band
11659,Swing
11692,Hard Bop
11812,Avant-Prog
11812,Comedy Rock
11812,Funk
11812,Jazz Fusion
11812,Jazz-Rock
11812,Progressive Rock
11957,Art Rock
11957,Folk Rock
11957,Glam Rock
11957,Pop Rock
12095,Canterbury Scene
12095,Progressive Rock
12095,Psychedelic Rock
12136,Garage Rock
12136,Garage Rock
12136,Proto-Punk
12256,Dream Pop
12256,Electronic
12256,Neo-Psychedelia
12256,Psychedelic Pop
12256,Space Rock
12410,Hard Rock
12410,Heavy Metal
12445,Abstract Hip Hop
12445,Boom Bap
12445,Conscious Hip Hop
12445,East Coast Hip Hop
12445,Hardcore Hip Hop
12445,Jazz Rap
12502,Jazz-Rock
12502,Progressive Rock
12517,Electronic
12517,Futurism
12517,Modern Classical
12517,Musique concrète
12517,Orchestral
12644,Jazz Fusion
12644,Jazz-Rock
12644,Latin Rock
12644,Psychedelic Rock
12690,Death Metal
12819,Big Band
12819,Cartoon Music
12819,Film Soundtrack
12819,Modern Classical
12819,Swing
12819,Third Stream
12873,Cinematic Classical
12873,Film Score
12873,Orchestral
12907,Hard Rock
12907,Progressive Rock
13083,Minimalism
13114,Thrash Metal
13337,Blues Rock
13337,Hard Rock
13337,Rock Opera
13339,Film Soundtrack
13339,Hard Rock
13339,Mod
13339,Pop Rock
13339,Rock
13394,Experimental Rock
13394,Krautrock
13394,Neo-Psychedelia
13394,Noise Rock
13394,Psychedelic Rock
13394,Space Rock
13461,Free Jazz
13461,Spiritual Jazz
13507,Bossa nova
13507,Samba
13507,Samba-canção
13532,Ambient
13532,Avant-Garde Jazz
13532,Jazz Fusion
13532,Jazz-Funk
13532,Jazz-Rock
13532,Krautrock
13541,Dream Pop
13541,Lo-Fi / Slacker Rock
13541,Post-Rock
13541,Slowcore
13541,Space Rock
13541,Space Rock Revival
13549,P-Funk
13549,Synth Funk
13553,Deathrock
13553,No Wave
13553,Noise Rock
13553,Post-Punk
13553,Punk Blues
13802,Cool Jazz
13802,Hard Bop
13916,ECM Style Jazz
13916,Post-Minimalism
13931,Jazz Fusion
13931,Jazz-Rock
13931,Progressive Rock
13935,Avant-Garde Jazz
13935,Jazz Fusion
13935,Jazz-Funk
13935,Progressive Electronic
13991,Epic Doom Metal
13991,Traditional Doom Metal
14024,Blues Rock
14024,Boogie Rock
14024,Country Rock
14024,Jam Band
14024,Roots Rock
14024,Southern Rock
14024,Yacht Rock
14030,Doom Metal
14030,Sludge Metal
14030,Stoner Metal
14076,Heavy Psych
14076,Stoner Metal
14076,Stoner Rock
14077,Heavy Psych
14077,Psychedelic Rock
14077,Stoner Metal
14077,Stoner Rock
14197,Art Rock
14197,Progressive Rock
14197,Rock Opera
14197,Symphonic Prog
14338,P-Funk
14338,Synth Funk
14339,Hard Rock
14339,Heavy Metal
14630,Art Punk
14630,Hardcore Punk
14630,Metalcore
14630,Post-Hardcore
14705,Cool Jazz
14705,Modal Jazz
14705,Post-Bop
14706,Avant-Garde Jazz
14706,Free Jazz
14706,Spiritual Jazz
14776,Free Jazz
14776,Jazz Fusion
14776,Jazz-Funk
14776,Jazz-Rock
14793,Free Jazz
14793,Spiritual Jazz
14795,Free Jazz
14795,Soul Jazz
14795,Spiritual Jazz
14798,Hindustani Classical Music
14798,Post-Bop
14798,Spiritual Jazz
15064,Blues Rock
15064,Hard Rock
15064,Heavy Metal
15064,Progressive Rock
15189,Industrial Rock
15189,Noise Rock
15189,Post-Hardcore
15189,Post-Punk
15269,Dark Ambient
15269,Drone
15269,Experimental
15269,Experimental Rock
15269,Field Recordings
15269,Industrial
15269,Post-Rock
15269,Sound Collage
15269,Spoken Word
15875,Doom Metal
15875,Epic Doom Metal
15875,Traditional Doom Metal
15928,Ambient
15928,Celtic New Age
15928,Neoclassical New Age
15928,Sequencer &amp; Tracker
15928,Traditional Folk Music
15928,Video Game Music
15944,Avant-Prog
15944,Blues Rock
15944,Comedy Rock
15944,Experimental Rock
15944,Jazz-Rock
16111,Contemporary Folk
16111,Folk Rock
16111,Post-Rock
16111,Singer/Songwriter
16111,Slowcore
16111,Slowcore
16147,Blues Rock
16147,Hard Rock
16147,Southern Rock
16172,Acoustic Rock
16172,Country Rock
16172,Folk Rock
16172,Hard Rock
16172,Singer/Songwriter
16415,Blue-Eyed Soul
16415,Gospel
16415,Pop Rock
16415,Rhythm &amp; Blues
16415,Rock &amp; Roll
16415,Rockabilly
16598,Cinematic Classical
16598,Dark Ambient
16598,Dark Jazz
16598,Experimental Rock
16598,Film Score
16598,Film Soundtrack
16598,Modern Classical
16600,ECM Style Jazz
16779,Art Rock
16779,Indie Rock
16779,Post-Hardcore
16779,Post-Rock
16879,Alternative Dance
16879,Art Pop
16879,Art Rock
16879,Downtempo
16879,Dream Pop
16879,Neo-Psychedelia
16879,Neo-Psychedelia
16879,Trip Hop
16935,Calypso
16935,Caribbean Folk Music
16935,Freak Folk
16935,Goombay
16935,Junkanoo
16935,Psychedelic Folk
17034,Deep Soul
17034,Southern Soul
17034,Traditional Black Gospel
17040,Avant-Folk
17040,MPB
17040,Samba
17040,Samba-canção
17044,Baroque Pop
17044,Country Rock
17044,Folk Rock
17044,Psychedelic Rock
17044,Singer/Songwriter
17057,Avant-Garde Metal
17057,Technical Death Metal
17135,Hard Bop
17135,Latin Jazz
17249,Avant-Prog
17249,Experimental Rock
17249,Industrial
17249,Krautrock
17249,Post-Punk
17249,Tape Music
17350,Hard Bop
17376,Modal Jazz
17376,Post-Bop
17474,Cool Jazz
17474,Modal Jazz
17489,Avant-Garde Jazz
17489,Hard Bop
17489,Post-Bop
17489,Third Stream
17499,Avant-Garde Jazz
17499,Free Jazz
17499,Post-Bop
17501,Avant-Garde Jazz
17501,Hard Bop
17501,Post-Bop
17575,Avant-Garde Jazz
17575,Modal Jazz
17575,Spiritual Jazz
17646,Avant-Garde Jazz
17646,Free Jazz
17646,Jazz Fusion
17646,Post-Bop
17669,Jazz-Funk
17669,Singer/Songwriter
17669,Soul
17669,Soul Jazz
17669,Spoken Word
17674,Blues Rock
17674,Jam Band
17856,Art Rock
17856,Progressive Rock
17856,Symphonic Prog
17902,Atmospheric Black Metal
17902,Black Metal
17902,Dark Folk
17902,Folk Metal
17902,Neofolk
17902,Post-Metal
17902,Post-Rock
17906,Avant-Garde Jazz
17906,Experimental Big Band
17906,Flamenco Jazz
17906,Third Stream
17997,Post-Punk Revival
18246,Hard Bop
18246,Modal Jazz
18246,Post-Bop
18354,Avant-Prog
18354,Free Improvisation
18354,Progressive Rock
18447,Dream Pop
18447,Slowcore
18586,Afoxé
18586,MPB
18586,Singer/Songwriter
18586,Tropicália
18846,Comedy Rock
18846,Experimental Rock
18846,Jazz-Rock
18846,Progressive Rock
18850,Avant-Prog
18850,Experimental Rock
18850,Jazz-Rock
19133,Progressive Folk
19133,Progressive Rock
19133,Symphonic Prog
19286,Alternative Rock
19286,Radio Broadcast Recordings
19286,Stoner Rock
19288,Hardcore Punk
19288,Horror Punk
19288,Punk Rock
19392,Melodic Black Metal
19392,Melodic Death Metal
19502,Death Metal
19727,Noise Rock
19727,Post-Punk
19727,Punk Rock
19835,Stand-Up Comedy
20115,Hard Bop
20144,Cinematic Classical
20144,Film Score
20144,Italian Folk Music
20144,Modern Classical
20144,Third Stream
20786,Hardcore Punk
20786,Mathcore
20786,Metalcore
21066,Avant-Garde Jazz
21066,Hard Bop
21066,Post-Bop
21235,Avant-Prog
21235,Experimental Rock
21235,New Wave
21235,New Wave
21235,Progressive Rock
21237,Hard Rock
21237,Progressive Rock
21450,16-bit
21450,Ambient
21450,Cinematic Classical
21450,Fanfare
21450,New Age
21450,Orchestral
21450,Sounds and Effects
21450,Video Game Music
21480,Avant-Prog
21480,Free Improvisation
21480,Progressive Rock
21732,Blues Rock
21732,Contemporary Folk
21732,Folk Rock
21732,Singer/Songwriter
21749,Blues Rock
21749,Hard Rock
21749,Jam Band
21749,Progressive Rock
21876,A cappella
21876,Baroque Pop
21876,Progressive Pop
21876,Psychedelic Pop
21876,Sunshine Pop
21983,Big Band
21983,Cinematic Classical
21983,Film Score
22066,Boom Bap
22066,East Coast Hip Hop
22066,Horrorcore
22312,Boom Bap
22312,Conscious Hip Hop
22312,East Coast Hip Hop
22312,Hardcore Hip Hop
22349,Cool Jazz
22349,Hard Bop
22349,Modal Jazz
22375,Atmospheric Black Metal
22375,Dark Folk
22375,Pagan Black Metal
22562,Boom Bap
22562,East Coast Hip Hop
22562,Gangsta Rap
22562,Jazz Rap
22684,Cinematic Classical
22684,Film Score
22684,Orchestral
22917,16-bit
22917,Cinematic Classical
22917,Classical March
22917,Orchestral
22917,Video Game Music
22920,Chamber Music
22920,Dark Ambient
22920,Fanfare
22920,Ritual Ambient
22920,Sequencer &amp; Tracker
22920,Sounds and Effects
22920,Video Game Music
23048,Melodic Death Metal
23048,Progressive Metal
23085,Ambient
23085,Post-Rock
23310,Experimental Rock
23310,No Wave
23310,Noise Rock
23310,Post-Minimalism
23310,Post-Rock
23310,Totalism
23310,Totalism
23674,Stand-Up Comedy
23684,Satire
23684,Stand-Up Comedy
23915,Funk
23915,Soul
23915,Southern Soul
23971,Funk
23971,Soul
24479,Avant-Garde Jazz
24479,Free Jazz
24479,Klezmer
24479,Post-Bop
24827,Hard Bop
24832,Hard Bop
24832,Soul Jazz
24961,Hard Rock
24961,Heavy Metal
24961,Traditional Doom Metal
25138,Atmospheric Sludge Metal
25138,Post-Metal
25138,Post-Rock
25561,Roots Reggae
25613,Boom Bap
25613,East Coast Hip Hop
25613,Gangsta Rap
25613,Gangsta Rap
26173,Blues Rock
26421,Art Pop
26421,New Romantic
26421,Sophisti-Pop
26421,Synthpop
27054,Minimalism
27054,Modern Classical
27054,Symphony
27092,Acid Rock
27092,Acid Rock
27092,Blues Rock
27092,Hard Rock
27092,Heavy Psych
27092,Jam Band
27092,Psychedelic Rock
27314,Americana
27314,Contemporary Folk
27342,Hard Bop
27342,Modal Jazz
27342,Post-Bop
27682,Boom Bap
27682,East Coast Hip Hop
27682,Gangsta Rap
27890,Chicago Soul
27890,Deep Soul
27890,Funk
27890,Soul Jazz
28235,Acoustic Blues
28235,Contemporary Folk
28235,Contemporary Folk
28235,Country
28235,Singer/Songwriter
28513,Choral
28513,Film Score
28513,Minimalism
28663,Acid Rock
28663,Blues Rock
28663,Hard Rock
28663,Psychedelic Rock
29306,Garage Rock
29306,Hard Rock
29306,Noise Rock
29306,Proto-Punk
29355,Celtic Folk Music
29355,Cinematic Classical
29355,Film Score
29355,Orchestral
29618,Blues Rock
29618,Hard Rock
29618,Jam Band
29618,Southern Rock
29683,Art Punk
29683,Math Rock
29683,Post-Hardcore
29700,Acid Rock
29700,Blues Rock
29700,Blues Rock
29700,Hard Rock
29700,Psychedelic Rock
29773,Pop Soul
29773,Rhythm &amp; Blues
29773,Southern Soul
30878,Afrobeat
30878,Jazz-Funk
30988,Dirty South
30988,G-Funk
30988,Gangsta Rap
30988,Southern Hip Hop
31366,Progressive Rock
31366,Psychedelic Rock
31572,Contemporary Folk
31572,Country
31572,Singer/Songwriter
32162,Baroque Music
32748,Dream Pop
32748,Indie Rock
32748,Noise Pop
32748,Shoegaze
32748,Slowcore
32934,Acid Rock
32934,Blues Rock
32934,Hard Rock
32934,Psychedelic Rock
33040,Emo
33040,Math Rock
33040,Noise Rock
33040,Noise Rock
33040,Post-Hardcore
33363,Afrobeat
33363,Jazz-Funk
33961,Jazz Fusion
33961,Progressive Metal
33961,Technical Death Metal
33961,Technical Thrash Metal
34236,Hard Rock
34236,Heavy Metal
34236,Heavy Metal
35500,Baroque Pop
35500,Contemporary Folk
35500,MPB
35500,Psychedelic Pop
36322,Avant-Garde Jazz
36322,ECM Style Jazz
37026,Country Rock
37026,Folk Rock
37026,Jam Band
37026,Psychedelic Rock
37270,Big Band
37270,Blues
37270,Hard Bop
37270,Jazz
37270,Spaghetti Western
37270,Swing
37270,Television Music
37287,Noise Rock
37287,Post-Hardcore
37287,Post-Punk
37596,Baroque Music
37903,Avant-Prog
37903,Experimental Rock
37903,Free Improvisation
37903,Industrial
37903,Krautrock
37903,No Wave
37903,Noise Rock
37903,Post-Punk
37903,Tape Music
37920,Avant-Folk
37920,Drone
37920,Experimental
37920,Field Recordings
37920,Psychedelic Folk
37920,Tribal Ambient
38636,Black Metal
38636,Melodic Black Metal
38636,Thrash Metal
39027,Chicago Blues
39355,Avant-Garde Jazz
39355,Experimental Big Band
39355,Jazz Fusion
39355,Jazz-Funk
39581,Acid Rock
39581,Blues Rock
39581,Funk Rock
39581,Hard Rock
39581,Jam Band
39581,Psychedelic Rock
39642,Blues
39642,Rhythm &amp; Blues
39642,Soul
39650,Acid Rock
39650,Blues Rock
39650,Hard Rock
39650,Psychedelic Rock
39765,Choral
39765,Christian Liturgical Music
39765,Classical Period
40100,Death Metal
40100,Technical Death Metal
40262,Opera
40262,Romanticism
40355,Modal Jazz
40355,Post-Bop
40523,Choral
40523,Christian Liturgical Music
40523,Classical Period
40523,Concerto
40523,Film Score
40523,Film Soundtrack
40523,Opera
40523,Orchestral
40523,Symphony
40634,Alt-Country
40634,Americana
40634,Country Rock
40634,Folk Rock
40634,Singer/Songwriter
40909,Cinematic Classical
40909,Film Score
40909,Spaghetti Western
41068,Jazz Fusion
41068,Jazz-Funk
41329,Acoustic Rock
41329,Alternative Rock
41329,Art Rock
41329,Chamber Pop
41329,Dream Pop
41329,Electronic
41329,Neo-Psychedelia
41453,Art Pop
41453,Indie Rock
41453,Indie Rock
41453,Krautrock
41453,Noise Pop
41462,Afoxé
41462,Funk
41462,MPB
41462,Psychedelic Soul
41462,Samba Soul
41462,Samba-rock
41463,MPB
41463,Psychedelic Pop
41463,Samba Soul
41463,Samba-rock
42034,Art Rock
42034,Chamber Pop
42034,Indie Rock
42034,Post-Rock
44254,Jazz-Rock
44254,Zeuhl
44333,Contemporary Folk
44333,Country
44333,Progressive Country
44333,Singer/Songwriter
44662,Jazz-Funk
44662,Soul Jazz
45974,Drone
45974,Neo-Psychedelia
45974,Shoegaze
45974,Space Rock
45974,Space Rock Revival
46031,Heavy Metal
46318,Avant-Garde Jazz
46318,Free Jazz
46318,Jazz Fusion
46318,Jazz-Rock
46381,Progressive Rock
46381,Space Rock
46381,Symphonic Prog
46453,Death Doom Metal
46453,Death Metal
46466,Funk
46466,Smooth Soul
46466,Soul
46615,Grunge
46615,Hard Rock
46615,Noise Rock
47142,Boom Bap
47142,Conscious Hip Hop
47142,East Coast Hip Hop
47550,Boom Bap
47550,East Coast Hip Hop
47550,Gangsta Rap
47550,Hardcore Hip Hop
47550,Horrorcore
47550,Jazz Rap
47974,Boom Bap
47974,Conscious Hip Hop
47974,East Coast Hip Hop
47974,Jazz Rap
48115,Abstract Hip Hop
48115,East Coast Hip Hop
48115,Experimental Hip Hop
48115,Jazz Rap
48115,Turntablism
48818,Heavy Metal
48930,Candomblé Music
48930,Samba
48930,Samba de roda
49398,Dub
49398,Roots Reggae
49746,Avant-Garde Jazz
49746,Hard Bop
49746,Post-Bop
49746,Third Stream
51085,Ambient Pop
51085,Dream Pop
51085,Glitch
51085,Glitch Pop
51085,IDM
51085,Indietronica
51085,Noise Pop
51085,Shoegaze
51085,Shoegaze
51445,Electro
51445,Electronic
51445,Minimal Synth
51445,Synthpop
51446,Electronic
51446,Progressive Electronic
51446,Space Disco
51446,Synthpop
52304,Contemporary Folk
52304,Country
52304,Outlaw Country
52304,Singer/Songwriter
52627,Art Rock
52627,Folk Rock
52627,Garage Rock
52627,Noise Rock
52627,Proto-Punk
52627,Rock
52915,Electronic
52915,Progressive Electronic
52915,Synthpop
53487,Soul
53487,Soul Jazz
53487,Vocal Jazz
53859,Alternative Rock
53859,Art Rock
53859,Experimental Rock
53859,Folk Rock
53859,Neo-Psychedelia
53859,Neo-Psychedelia
53859,Progressive Rock
53859,Psychedelic Pop
53859,Psychedelic Rock
55072,Nueva trova
55442,Art Rock
55442,Experimental Rock
55442,Post-Hardcore
55442,Post-Hardcore
55442,Progressive Rock
55831,Art Rock
55831,Glam Rock
55831,Hard Rock
55831,Pop Rock
55831,Pop Rock
58951,Blues Rock
58951,British Folk Rock
58951,Hard Rock
58951,Jam Band
59048,Romanticism
59048,Symphony
61016,American Primitivism
61600,Hard Bop
61600,Soul Jazz
62982,Choral
62982,Christian Liturgical Music
62982,Classical Period
64354,Modal Jazz
64354,Post-Bop
64448,Avant-Garde Jazz
64448,Hard Bop
64448,Post-Bop
66381,Jazz
66381,Stand-Up Comedy
68172,Hard Bop
68627,Standards
68627,Swing
68627,Vocal Jazz
69628,Heavy Metal
69628,Speed Metal
70181,Carols
70181,Christmas Music
70181,Cool Jazz
70181,Television Music
70433,Technical Death Metal
70652,Post-Punk
70803,Americana
70803,Folk Rock
70803,Jam Band
70803,Psychedelic Rock
71407,MPB
71407,Samba Soul
71407,Samba-rock
71716,Dream Pop
71716,Neo-Psychedelia
71716,Noise Rock
71716,Post-Rock
71716,Shoegaze
71716,Space Rock
71716,Space Rock Revival
72156,Baroque Music
72156,Choral
72156,Christian Liturgical Music
73073,Rhythm &amp; Blues
73073,Soul Blues
73073,Vocal Jazz
73082,Blues
73082,Rhythm &amp; Blues
73082,Soul
73082,Vocal Jazz
76768,Alternative Rock
76768,Country Rock
76768,Experimental Rock
76768,Funk Rock
76768,Hard Rock
76768,Jam Band
76768,Psychedelic Rock
76795,Alternative Rock
76795,Singer/Songwriter
76795,Soul
77815,Afrobeat
77815,Jazz-Funk
78164,Boom Bap
78164,Conscious Hip Hop
78164,East Coast Hip Hop
78164,Jazz Rap
78164,Neo-Soul
78164,Political Hip Hop
78183,Contemporary Folk
78183,Outlaw Country
78183,Progressive Country
78183,Singer/Songwriter
79378,Acid Rock
79378,Blues Rock
79378,Psychedelic Rock
80371,Hard Rock
80371,Progressive Rock
80731,Avant-Garde Jazz
80731,Jazz Fusion
80731,Modal Jazz
80874,Art Punk
80874,Post-Punk
80874,Punk Rock
81170,Power Metal
81170,Progressive Metal
81170,Speed Metal
81646,Art Punk
81646,Noise Rock
81646,Post-Punk
81646,Punk Rock
83323,Blues Rock
83323,Pop Rock
84233,Art Rock
84233,Blues Rock
84233,Contemporary Folk
84233,Folk Rock
84233,Progressive Folk
84233,Psychedelic Folk
84233,Psychedelic Rock
84233,Singer/Songwriter
84315,Hard Bop
86110,Hard Rock
86110,Progressive Rock
86171,Blues Rock
86171,Hard Rock
86171,Jam Band
87059,Contemporary Folk
87059,Singer/Songwriter
87059,Talking Blues
88306,Blues Rock
88306,Jam Band
88306,Southern Rock
88508,Cinematic Classical
88508,Film Score
88508,Japanese Folk Music
88584,Art Pop
88584,Art Rock
88584,J-Pop
88584,J-Rock
88584,Noise Pop
88584,Progressive Pop
88585,Art Pop
88585,Art Rock
88585,Chamber Pop
88585,J-Rock
88585,Jazz Pop
88585,Noise Pop
88585,Progressive Pop
88585,Progressive Pop
90705,Alt-Country
90705,Folk Rock
90705,Singer/Songwriter
90705,Slowcore
91173,Hard Bop
94103,Chipmunk Soul
94103,Conscious Hip Hop
94103,Neo-Soul
94103,Pop Rap
94103,Pop Rap
96436,Hard Rock
96436,Heavy Metal
96436,Heavy Psych
98731,Art Rock
98731,Jazz-Rock
98731,Progressive Rock
98731,Psychedelic Rock
99242,Americana
99242,Contemporary Folk
99242,Country Gospel
99242,Hymns
99242,Rockabilly
99481,Blues Rock
99481,Folk Rock
99481,Hindustani Classical Music
99481,Pop Rock
99481,Soft Rock
100544,Atmospheric Black Metal
100544,Black Metal
100544,Depressive Black Metal
100705,Blues Rock
100705,Boogie Rock
100705,Hard Rock
100705,Jam Band
100873,Avant-Garde Jazz
100873,Free Jazz
100873,Jazz-Funk
101582,Modal Jazz
101582,Post-Bop
102596,Celtic Folk Music
102596,Cinematic Classical
102596,Film Score
102596,Orchestral
102596,Romanticism
103098,Abstract Hip Hop
103098,East Coast Hip Hop
103098,Experimental Hip Hop
103098,Glitch Hop
103098,Hardcore Hip Hop
103270,Blues Rock
103270,Psychedelic Rock
103270,Southern Soul
112025,Modern Classical
112025,Tango nuevo
113542,Thrash Metal
114057,Stand-Up Comedy
114393,Zeuhl
116663,Conducted Improvisation
116663,Experimental Big Band
116663,Free Jazz
116663,Modern Creative
116819,Big Band
116819,Third Stream
118334,Hard Rock
118334,Heavy Metal
118334,Speed Metal
124755,Ambient
124755,Drone
124755,Drone Metal
124755,Minimalism
124755,Post-Metal
124755,Post-Rock
124756,Drone
124756,Drone Metal
124756,Noise
124756,Noise Rock
124756,Post-Metal
124756,Post-Rock
124756,Psychedelic Rock
125223,Drone
125223,Experimental Rock
125223,No Wave
125223,Noise Rock
125223,Post-Punk
125223,Post-Rock
125223,Totalism
126092,Acoustic Blues
126092,Contemporary Folk
126092,Singer/Songwriter
127034,Zeuhl
127432,Minimalism
131553,Celtic Folk Music
131553,Contemporary Folk
131553,English Folk Music
131553,Film Score
131553,Film Soundtrack
131553,Neo-Pagan Folk
131553,Progressive Folk
131553,Psychedelic Folk
131553,Scottish Folk Music
131802,Avant-Garde Jazz
131802,Modal Jazz
131802,Post-Bop
131802,Spiritual Jazz
133797,Ambient
133797,Dark Jazz
133797,Dream Pop
133797,Lounge
133797,Television Music
135814,Modern Classical
135814,Symphony
136517,Choral
136517,Romanticism
136517,Symphony
136545,Dark Ambient
136545,Dark Jazz
136545,Film Score
136545,Lounge
137491,Chamber Music
137491,Minimalism
137491,Modern Classical
140655,Romanticism
140655,Symphony
141652,Experimental Rock
141652,Noise
141652,Noise Rock
141652,Psychedelic Rock
142671,Abstract Hip Hop
142671,Experimental Hip Hop
142671,Instrumental Hip Hop
142671,Jazz Rap
143533,Hindustani Classical Music
143533,Jazz Fusion
143533,Jazz-Funk
143533,Spiritual Jazz
145754,Jazz-Funk
145754,Soul
145754,Spoken Word
150241,Ambient
150241,Big Band
150241,Blues
150241,Electronic
150241,Jazz
150241,Pop
150241,Rock
150241,Spaghetti Western
150241,Television Music
150362,Chamber Music
150362,Modern Classical
152993,Chamber Pop
159385,Cinematic Classical
159385,Film Score
159385,Kagura
159385,Neoclassical New Age
165437,Acoustic Rock
165437,Alternative Rock
165437,Grunge
166068,Free Jazz
166068,Spiritual Jazz
170602,16-bit
170602,Ambient
170602,Calypso
170602,Tribal Ambient
170602,Video Game Music
171197,Boom Bap
171197,Conscious Hip Hop
171197,G-Funk
171197,Gangsta Rap
171197,Hardcore Hip Hop
171197,Political Hip Hop
171200,Boom Bap
171200,Conscious Hip Hop
171200,G-Funk
171200,Hardcore Hip Hop
171200,Spoken Word
171609,Big Band
171609,Modern Classical
171609,Tone Poem
171679,Baroque Music
175797,Atmospheric Sludge Metal
175797,Post-Metal
175797,Post-Rock
177439,Avant-Garde Jazz
177439,Modal Jazz
177439,Post-Bop
178559,Choral
178559,Romanticism
178559,Symphony
184040,Progressive Metal
184040,Sludge Metal
185644,Art Pop
185644,Chamber Pop
185644,Chamber Pop
185644,Indie Rock
185644,Post-Punk Revival
185833,Abstract Hip Hop
185833,East Coast Hip Hop
185833,Experimental Hip Hop
185833,Jazz Rap
185833,Plunderphonics
186775,American Primitivism
186775,Progressive Folk
187440,Avant-Garde Jazz
187440,Post-Bop
188620,Gangsta Rap
188620,Horrorcore
188620,Memphis Rap
188620,Southern Hip Hop
188956,Blues Rock
188956,Jam Band
188956,Latin Rock
188956,Psychedelic Rock
190014,Conducted Improvisation
190014,Free Jazz
190014,Modern Creative
191296,Deathrock
191296,Hardcore Punk
191296,Horror Punk
209193,Choral
209193,Film Score
209193,Minimalism
217853,Blues Rock
217853,Folk Rock
217853,Hard Rock
217853,Progressive Rock
218218,Chipmunk Soul
218218,Conscious Hip Hop
218218,Hip Hop
218218,Jazz Rap
218218,Neo-Soul
218218,Pop Rap
218218,Pop Rap
225366,Hard Rock
225366,Heavy Metal
225366,Progressive Rock
242370,Romanticism
242370,Symphony
242370,Tone Poem
244938,Alternative Rock
244938,Ambient
244938,Dark Ambient
244938,Industrial
244938,Trip Hop
244938,Video Game Music
254090,Acoustic Blues
254090,American Primitivism
269139,Chipmunk Soul
269139,Conscious Hip Hop
269139,Jazz Rap
269139,Neo-Soul
271115,Alternative Dance
271115,Alternative Rock
271115,Art Pop
271115,Electronic
271115,Hip Hop
271115,Trip Hop
271115,Trip Hop
274144,Avant-Garde Jazz
274144,Conducted Improvisation
274144,Modern Classical
281704,Americana
281704,Chamber Folk
281704,Chamber Pop
281704,Folk Pop
281704,Indie Folk
281704,Progressive Pop
281704,Singer/Songwriter
284367,Contemporary Folk
284367,Film Soundtrack
284367,Folk Rock
284367,Singer/Songwriter
284901,Electronic
284901,Film Soundtrack
284901,Western Classical Music
286654,Indie Folk
286654,Singer/Songwriter
292201,Choral
292201,Electronic
292201,Film Score
292201,Gamelan
292201,Gamelan jegog
292201,Kecak
292201,Noh
292201,Post-Minimalism
292201,Ritual Ambient
292201,Shōmyō
292201,Tribal Ambient
292201,Tribal Ambient
292409,Avant-Garde Jazz
292409,Jazz Fusion
292409,Spiritual Jazz
293540,16-bit
293540,Dark Ambient
293540,Dub
293540,Lounge
293540,Neo-Psychedelia
293540,Plunderphonics
293540,Psychedelic Pop
293540,Video Game Music
294303,Electro
294303,Electronic
294303,Electropop
294303,Progressive Electronic
294303,Synthpop
294303,Techno
303646,Dark Ambient
303646,Dungeon Synth
303646,Electro-Industrial
303646,Electronic
303646,New Age
303646,Television Music
304090,Ambient
304090,Dark Ambient
304090,Drone
304090,Electronic
304090,Experimental
304090,Glitch
304090,Post-Industrial
304090,Progressive Electronic
304090,Ritual Ambient
304090,Spoken Word
308550,Alternative Dance
308550,New Wave
308550,Post-Punk
308550,Synthpop
313188,Heavy Metal
313188,NWOBHM
313188,Progressive Metal
333322,Death Metal
333322,Progressive Metal
333322,Progressive Rock
344980,Cinematic Classical
344980,Film Score
344980,Orchestral
353561,J-Pop
353561,Jazz
353561,Lounge
353561,Picopop
353561,Shibuya-kei
353561,Video Game Music
376578,Avant-Garde Jazz
376578,Jazz Fusion
376578,Jazz-Funk
379137,Bebop
379137,Hard Bop
381036,Experimental Hip Hop
381036,Gangsta Rap
381036,Southern Hip Hop
383957,Indie Pop
383957,Jangle Pop
383957,Post-Punk
391022,Alternative Rock
391022,Indie Rock
393538,Death Metal
393538,Death Metal
393538,Groove Metal
393538,Progressive Metal
393538,Sludge Metal
397016,Americana
397016,Beat Poetry
397016,Blues Rock
397016,Cabaret
397016,Dark Cabaret
397016,Experimental Rock
397016,Folk Rock
397016,Punk Blues
397016,Singer/Songwriter
397016,Spoken Word
398852,Experimental Hip Hop
398852,Instrumental Hip Hop
398852,Plunderphonics
398852,Soul
399795,Death Metal
399795,Groove Metal
409492,Avant-Garde Jazz
409492,Modal Jazz
409492,Post-Bop
412597,Baroque Music
412597,Christian Liturgical Music
412597,Oratorio
422140,Avant-Garde Jazz
422140,Avant-Garde Metal
422140,Brutal Prog
422140,Free Improvisation
422140,Free Jazz
422140,Jazz Fusion
422140,Jazz-Rock
422140,Klezmer
427739,Avant-Garde Jazz
427739,Film Score
427739,Funk Rock
427739,Jazz Fusion
427739,Jazz-Rock
442105,Dark Ambient
442105,Electronic
442105,Industrial
442105,Neoclassical Darkwave
442105,Post-Industrial
442463,Instrumental Hip Hop
442463,Jazz Rap
450392,Ambient
450392,Drone
450392,Field Recordings
450392,Post-Rock
450392,Spoken Word
453563,Ambient Pop
453563,Dream Pop
453563,Dub
453563,Neo-Psychedelia
453563,Progressive Pop
453567,Ambient Pop
453567,Downtempo
453567,Dream Pop
453567,Dub
453567,Neo-Psychedelia
453567,Trip Hop
469119,Bulgarian Folk Music
469119,Tuvan Throat Singing
469119,White Voice
471234,Black Metal
471234,Dark Folk
471234,Doom Metal
471234,Post-Metal
471234,Post-Rock
471234,Progressive Metal
476330,Art Rock
476330,Big Band
476330,Blues Rock
476330,Jazz Fusion
476330,Jazz-Rock
476330,Progressive Rock
495038,Baroque Music
495038,Christian Liturgical Music
495038,Oratorio
498562,Expressionism
498562,Modern Classical
498562,Orchestral
503443,MPB
503443,Samba
503443,Samba-rock
503443,Tropicália
507076,Hard Bop
507076,Modal Jazz
507076,Post-Bop
507117,Avant-Garde Jazz
507466,Heartland Rock
507466,Rock &amp; Roll
507466,Singer/Songwriter
533540,Ambient
533540,Choral
533540,Cinematic Classical
533540,Impressionism
533540,Orchestral
533540,Video Game Music
574860,Cinematic Classical
574860,Sequencer &amp; Tracker
574860,Video Game Music
574882,Baroque Music
574882,Choral
574882,Film Score
574882,Modern Classical
574882,Orchestral
577763,Ambient Pop
577763,Art Pop
577763,Electro-Industrial
577763,Electronic
577763,Electropop
577763,Luk thung
577763,New Age
577763,Orchestral
577763,Progressive Pop
597785,Hard Rock
597785,Heavy Metal
597785,Progressive Rock
600359,Chamber Music
600359,Modern Classical
601717,Romanticism
601717,Symphony
602177,Free Jazz
602177,Spiritual Jazz
603338,Romanticism
604041,Afrobeat
625893,Alt-Country
625893,Indie Rock
625893,Neo-Psychedelia
626992,Ambient
626992,Drone
626992,Glitch
626992,Noise
634014,Alternative Rock
634014,Art Rock
634014,Emo
634014,Indie Rock
634014,Post-Hardcore
636623,Chamber Folk
636623,Progressive Folk
636623,Singer/Songwriter
650730,New Romantic
650730,Synthpop
661816,Neoclassical Darkwave
690148,Power Metal
690148,Progressive Metal
690148,Symphonic Metal
691058,European Free Jazz
691058,Free Jazz
694802,Ambient
694802,Avant-Folk
694802,Drone
694802,Free Folk
694802,Post-Rock
694802,Psychedelic Folk
694802,Ritual Ambient
702978,Ambient
702978,Cinematic Classical
702978,Epic Music
702978,Film Score
702978,Modern Classical
702978,Post-Minimalism
702978,Post-Rock
703081,Country Rock
703081,Folk Rock
703081,Hard Rock
703081,Singer/Songwriter
707864,Cinematic Classical
707864,Film Score
707864,Orchestral
712947,Alternative Dance
712947,Dance-Punk
712947,Electro-Disco
712947,Indietronica
712947,New Rave
766532,Ambient
766532,Drone
766532,Minimalism
772221,Avant-Garde Jazz
772221,Drone
772221,Experimental Rock
772221,Noise
772221,Noise Rock
772221,Onkyo
772221,Turntable Music
786527,Acid Rock
786527,Blues Rock
786527,Hard Rock
786527,Interview
786527,Psychedelic Rock
789451,Contemporary Folk
789451,Folk Rock
789451,Singer/Songwriter
789949,Hard Rock
789949,Heavy Metal
789949,Traditional Doom Metal
793441,Baroque Music
801167,Hard Rock
801167,Heavy Metal
801167,Speed Metal
836740,Ambient
836740,Art Pop
836740,Art Pop
836740,Electroacoustic
836740,Experimental
836740,Post-Minimalism
836740,Spoken Word
836740,Tape Music
842268,Romanticism
857996,Art Rock
857996,Progressive Metal
857996,Progressive Rock
858756,Avant-Garde Jazz
858756,Post-Bop
863683,Honky Tonk
863683,Proto-Punk
863683,Rock &amp; Roll
872173,Ambient
872173,Dark Ambient
872173,Dark Folk
872173,Nordic Folk Music
872173,Progressive Folk
891139,Avant-Garde Jazz
891139,Post-Bop
891139,Ragtime
901577,Abstract Hip Hop
901577,Arabesque Rap
901577,Boom Bap
901577,Conscious Hip Hop
923022,Acoustic Rock
923022,Alternative Rock
923022,Folk Punk
923022,Folk Rock
929689,Heavy Metal
929689,Traditional Doom Metal
964277,Ambient Pop
964277,Dream Pop
964277,Dub
964277,Neo-Psychedelia
964277,Neo-Psychedelia
964277,Progressive Pop
964599,Electro House
964599,French House
964599,Mashup
964599,Progressive House
968906,Expressionism
968906,Modern Classical
968906,Romanticism
972667,Death Metal
972667,Progressive Metal
972667,Progressive Rock
999417,Electronic
999417,Film Soundtrack
999417,Western Classical Music
1008755,Hard Rock
1008755,Pop Rock
1019220,Electronic
1019220,Neo-Psychedelia
1019220,Noise Pop
1019220,Psychedelic Pop
1033745,Death Metal
1033745,Progressive Metal
1033745,Progressive Rock
1039131,Choral
1039131,Romanticism
1039131,Symphony
1052924,Alternative Rock
1052924,Art Pop
1052924,Art Rock
1052924,Dream Pop
1052924,Electronic
1064977,2-Step
1064977,Ambient
1064977,Dubstep
1064977,Future Garage
1088845,Choral
1088845,Christian Liturgical Music
1088845,Classical Period
1094980,Expressionism
1094980,Modern Classical
1094980,Orchestral
1115450,Drone Metal
1115450,Heavy Psych
1115450,Japanese Hardcore
1115450,Noise
1115450,Noise Rock
1115450,Post-Metal
1115450,Post-Rock
1115450,Stoner Rock
1142511,Art Pop
1142511,Electropop
1142511,Electropop
1142511,Minimal Techno
1142511,Synthpop
1142511,Tech House
1154150,Avant-Garde Jazz
1154150,ECM Style Jazz
1154150,Post-Bop
1168334,Minimalism
1205408,Alternative Rock
1205408,Dance-Pop
1205408,Electronic
1205408,Hip Hop
1205408,House
1205408,Illbient
1205408,J-Pop
1205408,Nu Skool Breaks
1205408,Sophisti-Pop
1205408,Trip Hop
1205408,Video Game Music
1205413,Dark Ambient
1205413,Illbient
1205413,Industrial Rock
1205413,Sequencer &amp; Tracker
1205413,Video Game Music
1206880,Drone
1206880,Gothic Rock
1206880,Lo-Fi / Slacker Rock
1206880,Post-Industrial
1206880,Post-Punk
1206880,Post-Rock
1206880,Shoegaze
1225777,Thrash Metal
1231218,Choral
1231218,Concerto
1231218,Modern Classical
1263018,Electronic
1263018,Experimental Rock
1263018,Krautrock
1263018,Post-Industrial
1315243,Americana
1315243,Gothic Country
1315243,Gothic Rock
1326092,Classical Period
1326092,Romanticism
1326092,Symphony
1414337,Experimental Big Band
1414337,Free Jazz
1414337,Spiritual Jazz
1501671,Acoustic Rock
1501671,Blues Rock
1501671,Pop Rock
1501671,Singer/Songwriter
1525373,Classical Period
1525373,Romanticism
1525373,Symphony
1550515,Acoustic Rock
1550515,Art Rock
1550515,Progressive Rock
1550515,Psychedelic Rock
1550515,Space Rock
1670913,Alternative Rock
1670913,Dance-Pop
1670913,Nu-Disco
1670913,Piano Rock
1670913,Pop Rock
1670913,Shibuya-kei
1670913,Video Game Music
1712006,Blues Rock
1712006,Blues Rock
1712006,Contemporary Folk
1712006,Roots Rock
1712006,Singer/Songwriter
1763021,Metalcore
1763021,Progressive Metal
1793672,Bolero
1793672,Cuban Music
1793672,Danzón
1793672,Descarga
1793672,Guajira
1793672,Guaracha
1793672,Son cubano
1819704,European Free Jazz
1819704,Free Improvisation
1819704,Free Jazz
1894233,Cinematic Classical
1894233,Classical Waltz
1894233,Orchestral
1894233,Space Ambient
1894233,Video Game Music
1894992,Heavy Psych
1894992,Progressive Metal
1894992,Sludge Metal
1894992,Stoner Metal
1895487,Blues Rock
1895487,Hard Rock
1895487,Jazz-Rock
2068942,Romanticism
2068942,Symphony
2069058,Avant-Folk
2069058,Drone
2069058,Free Folk
2069058,Neo-Medieval Folk
2069058,Noise
2069058,Psychedelic Folk
2069058,Ritual Ambient
2069058,Tribal Ambient
2110834,Contemporary Folk
2110834,Contemporary Folk
2110834,Singer/Songwriter
2158656,16-bit
2158656,Ambient
2158656,Psybient
2158656,Sea Shanties
2158656,Sounds and Effects
2158656,Video Game Music
2192747,Dream Pop
2192747,Indie Pop
2192747,Indietronica
2192747,Progressive Pop
2192747,Shoegaze
2192747,Twee Pop
2325993,Folk Pop
2325993,Power Pop
2325993,Psychedelic Pop
2346950,Free Improvisation
2346950,Harsh Noise
2346950,Japanese Hardcore
2346950,Noise
2346950,Noise Rock
2466366,Grunge
2466366,Noise Rock
2477939,Heartland Rock
2477939,Pop Rock
2477939,Rock
2665585,Glitch Hop
2665585,IDM
2665585,Instrumental Hip Hop
2665585,Nu Jazz
2665585,Wonky
2665585,Wonky
2696633,Chamber Folk
2696633,Progressive Folk
2696633,Singer/Songwriter
2829672,Alternative Dance
2829672,Dance-Punk
2829672,Electro-Disco
2829672,Indietronica
2829672,New Rave
2829672,New Wave
2896889,Choral
2896889,Cinematic Classical
2896889,Classical Crossover
2896889,Neoclassical New Age
2896889,Neoclassical New Age
2896889,New Age
2896889,Video Game Music
3026355,Experimental Rock
3026355,Math Rock
3026355,Midwest Emo
3026355,Post-Rock
3026355,Progressive Rock
3026362,Art Rock
3026362,Experimental Rock
3026362,Math Rock
3026362,Midwest Emo
3026362,Post-Hardcore
3039913,Alternative Rock
3039913,Art Rock
3039913,Experimental Rock
3039913,Neo-Psychedelia
3039913,Progressive Rock
3039913,Psychedelic Pop
3039913,Psychedelic Rock
3050748,Art Pop
3050748,Hip Hop
3050748,Pop Rap
3322739,Chamber Folk
3322739,Chamber Pop
3322739,Folk Pop
3322739,Indie Folk
3322739,Progressive Folk
3377949,Ambient
3377949,Electronic
3377949,Impressionism
3377949,Progressive Electronic
3377949,Video Game Music
3380439,Art Pop
3380439,Baroque Pop
3380439,Progressive Pop
3380439,Psychedelic Pop
3380439,Sound Collage
3380439,Sunshine Pop
3481999,Progressive Metal
3481999,Progressive Rock
3513308,Baroque Music
3597082,Conscious Hip Hop
3597082,Hardcore Hip Hop
3597082,Pop Rap
3597082,West Coast Hip Hop
3602159,Conscious Hip Hop
3602159,Experimental Hip Hop
3602159,Hardcore Hip Hop
3659722,Ambient
3659722,Cinematic Classical
3659722,Classical Waltz
3659722,Cool Jazz
3659722,Jazz Fusion
3659722,Romanticism
3659722,Sequencer &amp; Tracker
3659722,Sounds and Effects
3659722,Video Game Music
3805982,Chopped and Screwed
3805982,Experimental Hip Hop
3805982,Gangsta Rap
3805982,Horrorcore
3805982,Jazz Rap
3805982,Memphis Rap
3805982,Southern Hip Hop
3873725,Drone
3873725,Experimental Rock
3873725,Neofolk
3873725,Noise Rock
3873725,Post-Rock
3873725,Totalism
3892102,Abstract Hip Hop
3892102,Experimental Hip Hop
3892102,Glitch Hop
3892102,Hardcore Hip Hop
3892102,Industrial Hip Hop
3905558,Art Pop
3905558,Jazz Pop
3905558,Piano Rock
3905558,Singer/Songwriter
4040583,Alternative R&amp;B
4040583,Contemporary R&amp;B
4040583,Neo-Soul
4040583,Psychedelic Soul
4354997,Gangsta Rap
4354997,Jazz Rap
4568422,Electro-Industrial
4568422,Experimental Hip Hop
4568422,Hardcore Hip Hop
4568422,Industrial Hip Hop
4646591,Country Rock
4646591,Folk Rock
4646591,Singer/Songwriter
4648303,Ambient
4648303,Dark Ambient
4648303,Drone
4648303,Electroacoustic
4648303,Glitch
4648303,Noise
4648303,Post-Minimalism
4700253,Country Rock
4700253,Jam Band
4700253,Psychedelic Rock
4700253,Roots Rock
4818053,Avant-Folk
4818053,Contemporary Folk
4818053,Field Recordings
4818053,Singer/Songwriter
4934447,Folk Rock
4934447,Singer/Songwriter
4986488,Ambient
4986488,Dark Ambient
4986488,Downtempo
4986488,Electronic
4986488,Impressionism
4986488,Progressive Electronic
4986488,Video Game Music
5196775,Drone
5196775,Experimental Rock
5196775,No Wave
5196775,Noise Rock
5196775,Post-Rock
5196775,Totalism
5200146,Avant-Folk
5200146,Contemporary Folk
5200146,Field Recordings
5200146,Singer/Songwriter
5287875,Alternative Dance
5287875,Dance-Punk
5287875,Electro-Disco
5287875,Indietronica
5287875,New Rave
5287875,New Wave
5287875,Synthpop
5583989,Hard Rock
5583989,Heavy Metal
5583989,Progressive Rock
5785582,Blues Rock
5785582,Country Rock
5785582,Folk Rock
5785582,Roots Rock
5785582,Singer/Songwriter
6053920,Funk
6053920,Funk Rock
6053920,Neo-Soul
6053920,Psychedelic Soul
6136253,Ambient Pop
6136253,Chamber Folk
6136253,Indie Folk
6136253,Singer/Songwriter
6286502,Conscious Hip Hop
6286502,Funk
6286502,Jazz Rap
6286502,Neo-Soul
6286502,Poetry
6286502,Political Hip Hop
6286502,West Coast Hip Hop
6542513,Choral
6542513,Christian Liturgical Music
6542513,Cinematic Classical
6542513,Modern Classical
6542513,Video Game Music
6579129,Ambient
6579129,Dark Ambient
6579129,Downtempo
6579129,Electro-Industrial
6579129,Electronic
6579129,Electronic Dance Music
6579129,Instrumental Hip Hop
6579129,Post-Industrial
6579129,Sequencer &amp; Tracker
6579129,Video Game Music
6767613,16-bit
6767613,Ambient
6767613,Chiptune
6767613,Sequencer &amp; Tracker
6767613,Video Game Music
6778371,Blues Rock
6778371,Contemporary Folk
6778371,Folk Rock
6778371,Singer/Songwriter
6793952,Art Rock
6793952,Experimental Rock
6793952,Garage Rock
6793952,Jam Band
6793952,Pop Rock
6793952,Proto-Punk
6847528,Abstract Hip Hop
6847528,Digital Hardcore
6847528,Electro-Industrial
6847528,Experimental Hip Hop
6847528,Glitch Hop
6847528,Industrial Hip Hop
6847528,Noise Rock
6847528,Synth Punk
6853748,Art Rock
6853748,Electronic
6853748,Experimental Rock
6853748,Jazz-Rock
7048527,Art Rock
7048527,Garage Rock Revival
7048527,Indie Rock
7048527,Power Pop
7381986,Ambient Pop
7381986,Art Pop
7381986,Art Rock
7381986,Chamber Pop
7381986,Electronic
7391195,Garage Punk
7391195,Garage Rock
7391195,Heavy Psych
7391195,Noise Rock
7391195,Psychedelic Rock
7522584,Abstract Hip Hop
7522584,Digital Hardcore
7522584,Experimental Hip Hop
7522584,Experimental Rock
7522584,Glitch Hop
7522584,Hardcore Hip Hop
7522584,Industrial Hip Hop
7522584,Noise Rock
7522584,Noise Rock
7522584,Rap Rock
7522584,Synth Punk
7548871,Abstract Hip Hop
7548871,Experimental Hip Hop
7548871,Hardcore Hip Hop
7548871,Industrial Hip Hop
7548871,Post-Punk
7572286,Art Rock
7572286,British Rhythm &amp; Blues
7572286,Experimental Rock
7572286,Progressive Rock
7572286,Psychedelic Pop
7572286,Psychedelic Rock
7572286,Space Rock
7630705,Alt-Pop
7630705,Alternative R&amp;B
7630705,Ambient Pop
7630705,Art Pop
7630705,Neo-Soul
7630705,Singer/Songwriter
7646634,Avant-Prog
7646634,Experimental Rock
7646634,Jazz-Rock
7646634,Progressive Rock
7724093,Ambient Pop
7724093,Art Pop
7724093,Art Rock
7724093,Progressive Pop
7804852,Boom Bap
7804852,Conscious Hip Hop
7804852,East Coast Hip Hop
7804852,Jazz Rap
7804852,Neo-Psychedelia
7804852,Political Hip Hop
7851168,Blues Rock
7851168,Contemporary Folk
7851168,Folk Rock
7851168,Singer/Songwriter
7998671,Acid Jazz
7998671,Alternative Rock
7998671,Disco
7998671,Jazz Fusion
7998671,Jazz-Funk
7998671,Lounge
7998671,Lounge
7998671,Nu Jazz
7998671,Video Game Music
8021508,Indie Folk
8021508,Singer/Songwriter
8021508,Slowcore
8048135,Art Rock
8048135,Blue-Eyed Soul
8048135,Funk Rock
8048135,Glam Rock
8048135,Pop Rock
8082182,Ambient
8082182,Cinematic Classical
8082182,Cinematic Classical
8082182,Classical Crossover
8082182,Epic Music
8082182,Neoclassical New Age
8082182,New Age
8082182,Video Game Music
8094725,Folk Rock
8094725,Funk Rock
8094725,Jam Band
8094725,Psychedelic Rock
8094725,Roots Rock
8128922,Art Rock
8128922,Blue-Eyed Soul
8128922,Glam Rock
8128922,Hard Rock
8128922,Pop Rock
8143331,Big Band
8143331,Cinematic Classical
8143331,Halloween Music
8143331,Jazz Fusion
8143331,Jazz-Rock
8143331,Klezmer
8143331,Orchestral
8143331,Spaghetti Western
8143331,Surf Rock
8143331,Third Stream
8143331,Traditional Folk Music
8143331,Video Game Music
8176770,Ambient Pop
8176770,Art Pop
8176770,Chamber Folk
8176770,Folktronica
8176770,Indie Folk
8176770,Progressive Pop
8176770,Singer/Songwriter
8291404,Drone
8291404,Experimental Rock
8291404,Noise Rock
8291404,Post-Rock
8291404,Totalism
8313423,Ambient
8313423,Dark Ambient
8313423,Dark Jazz
8313423,Drone
8313423,Television Music
8410429,Alternative R&amp;B
8410429,Neo-Psychedelia
8410429,Neo-Soul
8410429,Pop Rap
8410429,Synth Funk
8410429,West Coast Hip Hop
8440075,Alternative Rock
8440075,Garage Rock
8440075,Power Pop
8440075,Punk Rock
8618385,Abstract Hip Hop
8618385,Boom Bap
8618385,Conscious Hip Hop
8618385,East Coast Hip Hop
8618385,Hardcore Hip Hop
8618385,Jazz Rap
8778911,Alternative R&amp;B
8778911,Ambient Pop
8778911,Art Pop
8778911,Electronic
8778911,Experimental Hip Hop
8778911,Neo-Soul
8786836,Avant-Folk
8786836,Chamber Folk
8786836,Chamber Jazz
8786836,Progressive Folk
8786836,Singer/Songwriter
8857731,Indie Rock
8857731,Power Pop
8857731,Singer/Songwriter
9049220,Art Rock
9049220,Electronic
9049220,Experimental Rock
9049220,Glam Rock
9066870,16-bit
9066870,Ambient
9066870,Cinematic Classical
9066870,Drone
9066870,East Asian Classical Music
9066870,Impressionism
9066870,Modern Classical
9066870,New Age
9066870,Post-Minimalism
9066870,Reductionism
9066870,Video Game Music
9129504,Blues Rock
9129504,Country Rock
9129504,Folk Rock
9129504,Singer/Songwriter
9186703,Art Pop
9186703,Experimental Hip Hop
9186703,Neo-Psychedelia
9186703,Pop Rap
9486927,Art Punk
9486927,Industrial Rock
9486927,No Wave
9486927,Noise Rock
9486927,Post-Hardcore
9486927,Post-Punk
9578821,Contemporary Folk
9578821,Folk Rock
9578821,Singer/Songwriter
9616308,Art Rock
9616308,Glam Rock
9616308,Pop Rock
9662313,Art Rock
9662313,Jazz-Rock
9662313,Post-Punk
9753704,Abstract Hip Hop
9753704,Drumless
9753704,Experimental Hip Hop
9753704,Glitch Hop
9753704,Jazz Rap
9999224,Art Pop
9999224,Baroque Pop
9999224,Dream Pop
9999224,Progressive Pop
9999224,Psychedelic Pop
10059163,Grunge
10059163,Noise Rock
10059163,Punk Rock
10255382,Alternative R&amp;B
10255382,Experimental Hip Hop
10255382,Neo-Psychedelia
10255382,Neo-Soul
10255382,Psychedelic Soul
10255382,Synth Funk
10480242,Grunge
10480242,Noise Rock
10480242,Post-Hardcore
10506478,Abstract Hip Hop
10506478,Boom Bap
10506478,Turntablism
10734616,Indie Rock
10734616,Pop Punk
10734616,Power Pop
10734616,Punk Rock
10989283,Ambient
10989283,Art Rock
10989283,Dark Ambient
10989283,Post-Rock
10989283,Video Game Music
11315319,Contemporary Folk
11315319,Singer/Songwriter
11643355,Avant-Folk
11643355,Drone
11643355,Indie Folk
11643355,Progressive Folk
11643355,Psychedelic Folk
11643355,Singer/Songwriter
11643355,Slowcore
12102815,Americana
12102815,Dream Pop
12102815,Heartland Rock
12102815,Indie Rock
12102815,Neo-Psychedelia
12157822,Acid Rock
12157822,Garage Punk
12157822,Garage Rock
12157822,Heavy Psych
12157822,Krautrock
12157822,Progressive Rock
12157822,Psychedelic Rock
12556853,Country Rock
12556853,Hard Rock
12984831,Conscious Hip Hop
12984831,Jazz Rap
12984831,Neo-Soul
12984831,Orchestral
12984831,UK Hip Hop
13491134,Abstract Hip Hop
13491134,Experimental
13491134,Experimental Hip Hop
13491134,Experimental Rock
13491134,Glitch
13491134,Glitch Hop
13491134,Industrial Hip Hop
13491134,Neo-Psychedelia
13491134,Sound Collage
13517870,Ambient
13517870,Chamber Folk
13517870,New Age
13517870,Singer/Songwriter
13762028,Alternative R&amp;B
13762028,Cloud Rap
13762028,Experimental Hip Hop
13762028,Glitch Hop
13762028,Hardcore Hip Hop
13762028,Hardcore Hip Hop
